KW,Monat,Datum_Beispiel,Titel,Kategorie,Priorität,Hauptkeywords,Ziel,Status
1,Januar,KW1 2025,Die 10 schönsten Locations für Familienshootings in Lingen und Umgebung,Lokales SEO,Hoch,"Familienshooting Lingen, Fotograf Lingen, Outdoor-Shooting Emsland",Lokales SEO & Google Maps Ranking,Geplant
3,Januar,KW3 2025,Von der Buchung bis zum fertigen Foto: So läuft ein Shooting bei mir ab,Ratgeber,Hoch,"Ablauf Fotoshooting, Fotoshooting buchen, Fotograf Lingen",Vertrauen aufbauen & Conversion,Geplant
5,Februar,KW5 2025,Was kostet ein professionelles Familienshooting in Lingen?,FAQ,Hoch,"Familienshooting Kosten, Fotograf Preise Lingen",FAQ & häufige Suchanfrage,Geplant
7,Februar,KW7 2025,Was anziehen zum Familienshooting? Styling-Tipps vom Profi,Ratgeber,Mittel,"Familienshooting Kleidung, Outfit Fotoshooting Familie",Kundenvorbereitung & Long-Tail Keywords,Geplant
9,März,KW9 2025,Frühlingsshooting: Blütezeit für zauberhafte Familienfotos,Saisonal,Hoch,"Frühlingsshooting, Familienfotos Frühling, Outdoor Shooting Frühling",Saisonales SEO,Geplant
11,März,KW11 2025,Hochzeitsfotografie planen: Checkliste für den perfekten Tag,Hochzeit,Hoch,"Hochzeitsfotografie Checkliste, Hochzeitsfotos planen, Hochzeit vorbereiten",Hochzeitssaison Vorbereitung,Geplant
13,April,KW13 2025,Beste Tageszeit für Outdoor-Fotografie: Golden Hour erklärt,Ratgeber,Mittel,"Golden Hour Fotografie, beste Zeit Fotoshooting",Expertise zeigen,Geplant
15,April,KW15 2025,Hochzeitsfotografie in Niedersachsen: Die besten Hochzeitslocations im Emsland,Hochzeit & Lokal,Hoch,"Hochzeitsfotograf Niedersachsen, Hochzeit Emsland, Hochzeitsfotografie Lingen",Lokales Hochzeits-SEO,Geplant
17,Mai,KW17 2025,Hochzeitsfotografie Timeline: Wann entstehen welche Fotos?,Hochzeit,Hoch,"Hochzeitsfotografie Zeitplan, Hochzeit Tagesablauf Fotos",Hochzeitspaare informieren,Geplant
19,Mai,KW19 2025,Pärchenfotos: So entstehen natürliche und authentische Bilder,Paarfotografie,Mittel,"Paarshooting, Pärchenfotos, Verlobungsshooting, Engagement Shooting",Paarshooting-Buchungen,Geplant
21,Juni,KW21 2025,Brautpaar-Shooting: Die schönsten Momente zu zweit festhalten,Hochzeit,Mittel,"Brautpaar Fotos, Brautpaar Shooting, Hochzeitspaar Fotografie",Hochzeits-Content,Geplant
23,Juni,KW23 2025,After-Wedding-Shooting: Zeit für entspannte Hochzeitsfotos,Hochzeit,Mittel,"After Wedding Shooting, Hochzeitsfotos nach der Hochzeit",Zusatzangebot bewerben,Geplant
25,Juli,KW25 2025,Sommerfotos: Die besten Zeiten und Locations für Outdoor-Shootings,Saisonal,Hoch,"Sommershooting, Familienfotos Sommer, Outdoor Fotografie Sommer",Saisonales SEO,Geplant
27,Juli,KW27 2025,Kinder fotografieren: 7 Tricks wie Ihr Kind vor der Kamera entspannt,Kinderfotografie,Hoch,"Kinder fotografieren Tipps, Kinderfotografie, Kinderfotos natürlich",Familien ansprechen,Geplant
29,August,KW29 2025,Geschwisterfotos: So entstehen natürliche Bilder von Euren Kindern,Kinderfotografie,Mittel,"Geschwisterfotografie, Geschwisterfotos Ideen, Geschwister fotografieren",Familienfotografie,Geplant
31,August,KW31 2025,Wie lange dauert ein Familienshooting? Zeitplanung für Euer Fotoshooting,FAQ,Mittel,"Familienshooting Dauer, Fotoshooting Zeitplanung",FAQ beantworten,Geplant
33,September,KW33 2025,Herbstfotos: Warum der Herbst perfekt für Familienfotos im Emsland ist,Saisonal,Hoch,"Herbstfotos Familie, Familienshooting Herbst, Herbst Lingen",Saisonales SEO Peak,Geplant
35,September,KW35 2025,Familienfotos: So bereitet Ihr Euch optimal auf das Shooting vor,Ratgeber,Hoch,"Familienshooting Vorbereitung, Tipps Familienfotografie",Conversion optimieren,Geplant
37,Oktober,KW37 2025,Familienfotografie: Indoor oder Outdoor – Was passt zu Euch?,Ratgeber,Mittel,"Familienfotografie Indoor, Outdoor Familienshooting",Wetterunabhängige Optionen,Geplant
39,Oktober,KW39 2025,Großeltern mit Enkeln fotografieren: Generationen auf einem Bild,Familienfotografie,Mittel,"Mehrgenerationenfoto, Großeltern Enkelkinder Fotos",Nische ansprechen,Geplant
41,November,KW41 2025,Weihnachtsfotos: Rechtzeitig planen für die schönsten Weihnachtskarten,Saisonal,Hoch,"Weihnachtsfotoshooting, Familienfotos Weihnachten, Weihnachtskarten Fotos",Vorweihnachtsgeschäft,Geplant
43,November,KW43 2025,Kindergeburtstag fotografieren: Tipps für lebendige Kinderfotos,Kinderfotografie,Mittel,"Kindergeburtstag Fotos, Kinderfotografie Tipps",Event-Fotografie,Geplant
45,Dezember,KW45 2025,Ein Tag als Hochzeitsfotografin in Lingen: Behind the Scenes,Persönlich,Mittel,"Hochzeitsfotografin Alltag, Hochzeitsfotografie Lingen",Persönliche Bindung,Geplant
47,Dezember,KW47 2025,Meine Lieblingslocations in Lingen für Familien- und Paarshootings,Lokales SEO,Mittel,"Fotografie Locations Lingen, Shooting Locations Emsland",Lokales SEO stärken,Geplant

